key,nse_names,group,notes
nifty_50,NIFTY 50,broad,
nifty_next_50,NIFTY NEXT 50,broad,
nifty_100,NIFTY 100,broad,
nifty_next_100,NIFTY NEXT 100,broad,
nifty_200,NIFTY 200,broad,
nifty_total_market,Nifty Total Market,broad,
nifty_500,NIFTY 500,broad,
nifty500_multicap_50_25_25,NIFTY500 MULTICAP 50:25:25,broad,
nifty500_largemidsmall_equal_cap_weighted,Nifty500 LargeMidSmall Equal-Cap Weighted,broad,
nifty_midcap_150,NIFTY MIDCAP 150,broad,
nifty_midcap_50,NIFTY MIDCAP 50,broad,
nifty_midcap_select,Nifty Midcap Select,broad,
nifty_midcap_100,NIFTY Midcap 100,broad,
nifty_smallcap_500,NIFTY Smallcap 500,broad,
nifty_small_cap_250,NIFTY SMALL CAP 250,broad,
nifty_small_cap_50,NIFTY SMALL CAP 50,broad,
nifty_smallcap_100,NIFTY Smallcap 100,broad,
nifty_microcap_250,Nifty Microcap 250,broad,
nifty_largemidcap_250,NIFTY LargeMidcap 250,broad,
nifty_midsmallcap_400,NIFTY MIDSMALLCAP 400,broad,
nifty_midsmallcap400_50_50,NIFTY MIDSMALLCAP400 50:50,broad,
nifty_india_fpi_150,Nifty India FPI 150,broad,
nifty_auto,NIFTY AUTO,sectoral,
nifty_bank,NIFTY BANK,sectoral,
nifty_capital_goods,NIFTY CAPITAL GOODS,sectoral,
nifty_cement,NIFTY CEMENT,sectoral,
nifty_chemicals,NIFTY CHEMICALS,sectoral,
nifty_commercial_transport_services,NIFTY COMMERCIAL & TRANSPORT SERVICES,sectoral,
nifty_construction,NIFTY CONSTRUCTION,sectoral,
nifty_consumer_durables,NIFTY CONSUMER DURABLES,sectoral,
nifty_consumer_services,NIFTY CONSUMER SERVICES,sectoral,
nifty_financial_services,NIFTY FINANCIAL SERVICES,sectoral,
nifty_financial_services_25_50,NIFTY FINANCIAL SERVICES 25/50,sectoral,
nifty_financial_services_ex_bank,NIFTY FINANCIAL SERVICES EX-BANK|NIFTY FINANCIAL SERVICES EX BANK|NIFTY FIN SERVICES EX-BANK,sectoral,
nifty_fmcg,NIFTY FMCG,sectoral,
nifty_healthcare,Nifty HEALTHCARE,sectoral,
nifty_hospitals,NIFTY HOSPITALS,sectoral,
nifty_housing_finance,NIFTY HOUSING FINANCE,sectoral,
nifty_insurance,NIFTY INSURANCE,sectoral,
nifty_it,NIFTY IT,sectoral,
nifty_media,NIFTY MEDIA,sectoral,
nifty_metal,NIFTY METAL,sectoral,
nifty_nbfc,NIFTY NBFC,sectoral,
nifty_oil_and_gas_index,NIFTY OIL & GAS|NIFTY OIL AND GAS|NIFTY OIL AND GAS INDEX,sectoral,
nifty_pharma,NIFTY PHARMA,sectoral,
nifty_power,NIFTY POWER,sectoral,
nifty_private_bank,NIFTY PRIVATE BANK,sectoral,
nifty_psu_bank,NIFTY PSU BANK,sectoral,
nifty_realty,NIFTY REALTY,sectoral,
nifty_reits_realty,Nifty REITS & REALTY,sectoral,
nifty_retail,NIFTY RETAIL,sectoral,
nifty_telecommunications,NIFTY TELECOMMUNICATIONS,sectoral,
nifty500_healthcare,Nifty500 Healthcare,sectoral,
nifty_midsmall_financial_services,Nifty MidSmall Financial Services,sectoral,
nifty_midsmall_healthcare,Nifty MidSmall Healthcare,sectoral,
nifty_midsmall_it_telecom,Nifty MidSmall IT & Telecom,sectoral,
nifty_ai_catalysts,Nifty AI Catalysts,thematic,
nifty_india_corporate_group_index_aditya_birla_group,NIFTY INDIA CORPORATE GROUP INDEX - ADITYA BIRLA GROUP,thematic,
nifty_capital_markets,Nifty Capital Markets,thematic,
nifty_commodities,NIFTY COMMODITIES,thematic,
nifty_conglomerate_50,NIFTY CONGLOMERATE 50,thematic,
nifty_core_housing,Nifty Core Housing,thematic,
nifty_cpse,NIFTY CPSE,thematic,
nifty_energy,NIFTY ENERGY,thematic,
nifty_ev_new_age_automotive,Nifty EV & New Age Automotive,thematic,
nifty_housing,Nifty Housing,thematic,
nifty100_esg,NIFTY100 ESG,thematic,
nifty100_enhanced_esg,NIFTY100 Enhanced ESG,thematic,
nifty100_esg_sector_leaders,Nifty100 ESG Sector Leaders,thematic,
nifty_india_consumption,NIFTY INDIA CONSUMPTION,thematic,
nifty_india_defence,Nifty India Defence,thematic,
nifty_india_defence_equal_weight,Nifty India Defence Equal Weight,thematic,
nifty_india_digital,Nifty India Digital,thematic,
nifty_india_infrastructure_logistics,Nifty India Infrastructure & Logistics,thematic,
nifty_india_internet,Nifty India Internet,thematic,
nifty_india_manufacturing,Nifty India Manufacturing,thematic,
nifty_india_new_age_consumption,NIFTY INDIA NEW AGE CONSUMPTION,thematic,
nifty_india_railways_psu,Nifty India Railways PSU,thematic,
nifty_india_tourism,NIFTY INDIA TOURISM,thematic,
nifty_india_select_5_corporate_groups_maatr,NIFTY INDIA SELECT 5 CORPORATE GROUPS (MAATR),thematic,
nifty_infrastructure,NIFTY INFRASTRUCTURE,thematic,
nifty_india_corporate_group_index_mahindra_group,NIFTY INDIA CORPORATE GROUP INDEX - MAHINDRA GROUP,thematic,
nifty_ipo,NIFTY IPO,thematic,
nifty_midcap_liquid_15,NIFTY MIDCAP LIQUID 15,thematic,
nifty_midsmall_india_consumption,Nifty MidSmall India Consumption,thematic,
nifty_mnc,NIFTY MNC,thematic,
nifty_mobility,Nifty Mobility,thematic,
nifty_pse,NIFTY PSE,thematic,
nifty_reits_invits,Nifty REITs & InvITs,thematic,
nifty_reits_invits_90_10,Nifty REITs & InvITs 90:10,thematic,
nifty_rural,Nifty Rural,thematic,
nifty_non_cyclical_consumer_index,Nifty Non-Cyclical Consumer Index,thematic,
nifty_services_sector,NIFTY SERVICES SECTOR,thematic,
nifty_shariah_25,NIFTY SHARIAH 25,thematic,
nifty_small_finance_banks_microfinance_institutions,Nifty Small Finance Banks & Microfinance Institutions,thematic,
nifty_sugar_ethanol,Nifty Sugar & Ethanol,thematic,
nifty_india_corporate_group_index_tata_group,NIFTY INDIA CORPORATE GROUP INDEX - TATA GROUP,thematic,
nifty_india_corporate_group_index_tata_group_25_cap,NIFTY INDIA CORPORATE GROUP INDEX - TATA GROUP 25% CAP,thematic,
nifty_transportation_logistics,Nifty Transportation & Logistics,thematic,
nifty100_liquid_15,NIFTY100 LIQUID 15,thematic,
nifty50_shariah,NIFTY50 SHARIAH,thematic,
nifty500_shariah,NIFTY500 SHARIAH,thematic,
nifty500_multicap_india_manufacturing_50_30_20,NIFTY500 MULTICAP INDIA MANUFACTURING 50:30:20|NIFTY500 MULTICAP INDIA MANUFATURING 50:30:20,thematic,
nifty500_multicap_infrastructure_50_30_20,NIFTY500 MULTICAP INFRASTRUCTURE 50:30:20,thematic,
nifty500_ahimsa,Nifty500 Ahimsa,thematic,
nifty_sme_emerge,NIFTY SME EMERGE,thematic,
nifty_waves,NIFTY Waves,thematic,
nifty_100_equal_weight,NIFTY 100 EQUAL WEIGHT,strategy,
nifty_100_low_volatility_30,NIFTY 100 LOW VOLATILITY 30,strategy,
nifty200_momentum_30,NIFTY200 MOMENTUM 30,strategy,
nifty200_alpha_30,NIFTY200 ALPHA 30,strategy,
nifty100_alpha_30,NIFTY100 ALPHA 30,strategy,
nifty_alpha_50,NIFTY ALPHA 50,strategy,
nifty_alpha_low_volatility_30,NIFTY ALPHA LOW-VOLATILITY 30|NIFTY ALPHA LOW VOLATILITY 30,strategy,
nifty_alpha_quality_low_volatility_30,NIFTY ALPHA QUALITY LOW-VOLATILITY 30|NIFTY ALPHA QUALITY LOW VOLATILITY 30,strategy,
nifty_alpha_quality_value_low_volatility_30,NIFTY ALPHA QUALITY VALUE LOW-VOLATILITY 30|NIFTY ALPHA QUALITY VALUE LOW VOLATILITY 30,strategy,
nifty_dividend_opportunities_50,NIFTY DIVIDEND OPPORTUNITIES 50,strategy,
nifty_growth_sectors_15,NIFTY GROWTH SECTORS 15,strategy,
nifty_high_beta_50,NIFTY HIGH BETA 50,strategy,
nifty_low_volatility_50,NIFTY LOW VOLATILITY 50,strategy,
nifty_top_10_equal_weight,NIFTY TOP 10 EQUAL WEIGHT,strategy,
nifty_top_15_equal_weight,NIFTY TOP 15 EQUAL WEIGHT,strategy,
nifty_top_20_equal_weight,NIFTY TOP 20 EQUAL WEIGHT,strategy,
nifty100_quality_30,NIFTY100 QUALITY 30,strategy,
nifty_midcap150_momentum_50,NIFTY Midcap150 Momentum 50,strategy,Launched Aug 2022; history before is backfilled
nifty500_flexicap_quality_30,Nifty500 Flexicap Quality 30,strategy,
nifty500_growth_50,Nifty500 Growth 50,strategy,
nifty500_low_volatility_50,NIFTY500 LOW VOLATILITY 50,strategy,
nifty500_momentum_50,NIFTY500 MOMENTUM 50,strategy,
nifty500_quality_50,NIFTY500 QUALITY 50,strategy,
nifty500_multifactor_mqvlv_50,NIFTY500 MULTIFACTOR MQVLv 50,strategy,
nifty_midcap150_quality_50,NIFTY Midcap150 Quality 50,strategy,
nifty_smallcap250_quality_50,Nifty Smallcap250 Quality 50,strategy,
nifty_total_market_momentum_quality_50,Nifty Total Market Momentum Quality 50,strategy,
nifty500_multicap_momentum_quality_50,NIFTY500 MULTICAP MOMENTUM QUALITY 50,strategy,
nifty_midsmallcap400_momentum_quality_100,Nifty MidSmallcap400 Momentum Quality 100,strategy,
nifty_smallcap250_momentum_quality_100,Nifty Smallcap250 Momentum Quality 100,strategy,
nifty_quality_low_volatility_30,NIFTY QUALITY LOW-VOLATILITY 30|NIFTY QUALITY LOW VOLATILITY 30,strategy,
nifty50_equal_weight,NIFTY50 EQUAL WEIGHT,strategy,
nifty50_value_20,NIFTY50 VALUE 20,strategy,
nifty200_value_30,Nifty200 Value 30,strategy,
nifty500_value_50,NIFTY500 VALUE 50,strategy,No midcap value index exists; broad value proxy
nifty500_equal_weight,NIFTY500 EQUAL WEIGHT,strategy,
nifty200_quality_30,NIFTY200 Quality 30,strategy,
